cksretxmsssrf0yonf6dtalls,Labelbox/golf-extra/images/cksretxmsssrf0yonf6dtalls.jpg
cksretxmsssra0yon17ov0ifv,Labelbox/golf-extra/images/cksretxmsssra0yon17ov0ifv.jpg
cksretxmsssr50yonb46fgo3k,Labelbox/golf-extra/images/cksretxmsssr50yonb46fgo3k.jpg
cksretxmsssr00yon43wb5fms,Labelbox/golf-extra/images/cksretxmsssr00yon43wb5fms.jpg
cksretxmsssqv0yonamt66w7w,Labelbox/golf-extra/images/cksretxmsssqv0yonamt66w7w.jpg
cksretxmsssqq0yonfuld1nwc,Labelbox/golf-extra/images/cksretxmsssqq0yonfuld1nwc.jpg
cksretxmsssql0yon9ods5fi7,Labelbox/golf-extra/images/cksretxmsssql0yon9ods5fi7.jpg
cksretxmsssqg0yon7uzz2ld5,Labelbox/golf-extra/images/cksretxmsssqg0yon7uzz2ld5.jpg
cksretxmsssqb0yoncb92hwd4,Labelbox/golf-extra/images/cksretxmsssqb0yoncb92hwd4.jpg
cksretxmsssq60yon1fwkcn6v,Labelbox/golf-extra/images/cksretxmsssq60yon1fwkcn6v.jpg
cksretxmsssq10yonh8poh1i4,Labelbox/golf-extra/images/cksretxmsssq10yonh8poh1i4.jpg
cksretxmssspw0yonhiii5m71,Labelbox/golf-extra/images/cksretxmssspw0yonhiii5m71.jpg
cksretxmssspr0yone9crah2b,Labelbox/golf-extra/images/cksretxmssspr0yone9crah2b.jpg
cksretxmssspm0yonba185non,Labelbox/golf-extra/images/cksretxmssspm0yonba185non.jpg
cksretxmsssph0yoncw2t5xac,Labelbox/golf-extra/images/cksretxmsssph0yoncw2t5xac.jpg
cksretxmssspc0yonbteael96,Labelbox/golf-extra/images/cksretxmssspc0yonbteael96.jpg
cksretxmsssp70yon19np9cpf,Labelbox/golf-extra/images/cksretxmsssp70yon19np9cpf.jpg
cksretxmsssp20yoneekc43wg,Labelbox/golf-extra/images/cksretxmsssp20yoneekc43wg.jpg
cksretxmsssox0yong9vpdf69,Labelbox/golf-extra/images/cksretxmsssox0yong9vpdf69.jpg
cksretxmrssos0yonfl6tbp3c,Labelbox/golf-extra/images/cksretxmrssos0yonfl6tbp3c.jpg
cksretxmrsson0yona9xq2k3c,Labelbox/golf-extra/images/cksretxmrsson0yona9xq2k3c.jpg
cksretxmrssoi0yonef876i0w,Labelbox/golf-extra/images/cksretxmrssoi0yonef876i0w.jpg
cksretxmrssod0yon35qn8cjn,Labelbox/golf-extra/images/cksretxmrssod0yon35qn8cjn.jpg
cksretxmrsso80yonaoli6dpf,Labelbox/golf-extra/images/cksretxmrsso80yonaoli6dpf.jpg
cksretxmrsso30yonbuutahso,Labelbox/golf-extra/images/cksretxmrsso30yonbuutahso.jpg
cksretxmrssny0yonarw8e6gj,Labelbox/golf-extra/images/cksretxmrssny0yonarw8e6gj.jpg
cksretxmrssnt0yon905xalcm,Labelbox/golf-extra/images/cksretxmrssnt0yon905xalcm.jpg
cksretxmrssno0yon2nyqgov1,Labelbox/golf-extra/images/cksretxmrssno0yon2nyqgov1.jpg
cksretxmrssnj0yoneh822ska,Labelbox/golf-extra/images/cksretxmrssnj0yoneh822ska.jpg
cksretxmrssne0yongn9qhp31,Labelbox/golf-extra/images/cksretxmrssne0yongn9qhp31.jpg
cksretxmrssn90yonev1686om,Labelbox/golf-extra/images/cksretxmrssn90yonev1686om.jpg
cksretxmrssn40yon9n5dhlhg,Labelbox/golf-extra/images/cksretxmrssn40yon9n5dhlhg.jpg
cksretxmrssmz0yon2y2t909j,Labelbox/golf-extra/images/cksretxmrssmz0yon2y2t909j.jpg
cksretxmrssmu0yon96fs02a1,Labelbox/golf-extra/images/cksretxmrssmu0yon96fs02a1.jpg
cksretxmrssmp0yon4a5vba21,Labelbox/golf-extra/images/cksretxmrssmp0yon4a5vba21.jpg
cksretxmrssmk0yonfm3ofjz8,Labelbox/golf-extra/images/cksretxmrssmk0yonfm3ofjz8.jpg
cksretxmrssmf0yon6m0a46r9,Labelbox/golf-extra/images/cksretxmrssmf0yon6m0a46r9.jpg
cksretxmrssma0yonemb9f0lt,Labelbox/golf-extra/images/cksretxmrssma0yonemb9f0lt.jpg
cksretxmrssm50yon3abr0vaz,Labelbox/golf-extra/images/cksretxmrssm50yon3abr0vaz.jpg
cksretxmrssm00yon5w4s8e28,Labelbox/golf-extra/images/cksretxmrssm00yon5w4s8e28.jpg
cksretxmrsslv0yonagkig7e3,Labelbox/golf-extra/images/cksretxmrsslv0yonagkig7e3.jpg
cksretxmrsslq0yon4l32g4ko,Labelbox/golf-extra/images/cksretxmrsslq0yon4l32g4ko.jpg
cksretxmrssll0yondtzw029c,Labelbox/golf-extra/images/cksretxmrssll0yondtzw029c.jpg
cksretxmrsslg0yongta967wg,Labelbox/golf-extra/images/cksretxmrsslg0yongta967wg.jpg
cksretxmqsslb0yonf3nv7le2,Labelbox/golf-extra/images/cksretxmqsslb0yonf3nv7le2.jpg
cksretxmqssl60yon68gk5cu7,Labelbox/golf-extra/images/cksretxmqssl60yon68gk5cu7.jpg
cksretxmqssl10yon5agy16b4,Labelbox/golf-extra/images/cksretxmqssl10yon5agy16b4.jpg
cksretxmqsskw0yon8ugh8eka,Labelbox/golf-extra/images/cksretxmqsskw0yon8ugh8eka.jpg
cksretxmqsskr0yon93j0giub,Labelbox/golf-extra/images/cksretxmqsskr0yon93j0giub.jpg
cksretxmqsskm0yon1dog42t6,Labelbox/golf-extra/images/cksretxmqsskm0yon1dog42t6.jpg
cksretxmqsskh0yon01rqbmy9,Labelbox/golf-extra/images/cksretxmqsskh0yon01rqbmy9.jpg
cksretxmqsskc0yonaw80h6mh,Labelbox/golf-extra/images/cksretxmqsskc0yonaw80h6mh.jpg
cksretxmqssk70yonclwiatkz,Labelbox/golf-extra/images/cksretxmqssk70yonclwiatkz.jpg
cksretxmqssk20yon2cvr0m4w,Labelbox/golf-extra/images/cksretxmqssk20yon2cvr0m4w.jpg
