cksretxmsssrf0yonf6dtalls,Labelbox/golf-3/images/cksretxmsssrf0yonf6dtalls.jpg
cksretxmsssra0yon17ov0ifv,Labelbox/golf-3/images/cksretxmsssra0yon17ov0ifv.jpg
cksretxmsssr50yonb46fgo3k,Labelbox/golf-3/images/cksretxmsssr50yonb46fgo3k.jpg
cksretxmsssr00yon43wb5fms,Labelbox/golf-3/images/cksretxmsssr00yon43wb5fms.jpg
cksretxmsssqv0yonamt66w7w,Labelbox/golf-3/images/cksretxmsssqv0yonamt66w7w.jpg
cksretxmsssqq0yonfuld1nwc,Labelbox/golf-3/images/cksretxmsssqq0yonfuld1nwc.jpg
cksretxmsssql0yon9ods5fi7,Labelbox/golf-3/images/cksretxmsssql0yon9ods5fi7.jpg
cksretxmsssqg0yon7uzz2ld5,Labelbox/golf-3/images/cksretxmsssqg0yon7uzz2ld5.jpg
cksretxmsssqb0yoncb92hwd4,Labelbox/golf-3/images/cksretxmsssqb0yoncb92hwd4.jpg
cksretxmsssq60yon1fwkcn6v,Labelbox/golf-3/images/cksretxmsssq60yon1fwkcn6v.jpg
cksretxmsssq10yonh8poh1i4,Labelbox/golf-3/images/cksretxmsssq10yonh8poh1i4.jpg
cksretxmssspw0yonhiii5m71,Labelbox/golf-3/images/cksretxmssspw0yonhiii5m71.jpg
cksretxmssspr0yone9crah2b,Labelbox/golf-3/images/cksretxmssspr0yone9crah2b.jpg
cksretxmssspm0yonba185non,Labelbox/golf-3/images/cksretxmssspm0yonba185non.jpg
cksretxmsssph0yoncw2t5xac,Labelbox/golf-3/images/cksretxmsssph0yoncw2t5xac.jpg
cksretxmssspc0yonbteael96,Labelbox/golf-3/images/cksretxmssspc0yonbteael96.jpg
cksretxmsssp70yon19np9cpf,Labelbox/golf-3/images/cksretxmsssp70yon19np9cpf.jpg
cksretxmsssp20yoneekc43wg,Labelbox/golf-3/images/cksretxmsssp20yoneekc43wg.jpg
cksretxmsssox0yong9vpdf69,Labelbox/golf-3/images/cksretxmsssox0yong9vpdf69.jpg
cksretxmrssos0yonfl6tbp3c,Labelbox/golf-3/images/cksretxmrssos0yonfl6tbp3c.jpg
cksretxmrsson0yona9xq2k3c,Labelbox/golf-3/images/cksretxmrsson0yona9xq2k3c.jpg
cksretxmrssoi0yonef876i0w,Labelbox/golf-3/images/cksretxmrssoi0yonef876i0w.jpg
cksretxmrssod0yon35qn8cjn,Labelbox/golf-3/images/cksretxmrssod0yon35qn8cjn.jpg
cksretxmrsso80yonaoli6dpf,Labelbox/golf-3/images/cksretxmrsso80yonaoli6dpf.jpg
cksretxmrsso30yonbuutahso,Labelbox/golf-3/images/cksretxmrsso30yonbuutahso.jpg
cksretxmrssny0yonarw8e6gj,Labelbox/golf-3/images/cksretxmrssny0yonarw8e6gj.jpg
cksretxmrssnt0yon905xalcm,Labelbox/golf-3/images/cksretxmrssnt0yon905xalcm.jpg
cksretxmrssno0yon2nyqgov1,Labelbox/golf-3/images/cksretxmrssno0yon2nyqgov1.jpg
cksretxmrssnj0yoneh822ska,Labelbox/golf-3/images/cksretxmrssnj0yoneh822ska.jpg
cksretxmrssne0yongn9qhp31,Labelbox/golf-3/images/cksretxmrssne0yongn9qhp31.jpg
cksretxmrssn90yonev1686om,Labelbox/golf-3/images/cksretxmrssn90yonev1686om.jpg
cksretxmrssn40yon9n5dhlhg,Labelbox/golf-3/images/cksretxmrssn40yon9n5dhlhg.jpg
cksretxmrssmz0yon2y2t909j,Labelbox/golf-3/images/cksretxmrssmz0yon2y2t909j.jpg
cksretxmrssmu0yon96fs02a1,Labelbox/golf-3/images/cksretxmrssmu0yon96fs02a1.jpg
cksretxmrssmp0yon4a5vba21,Labelbox/golf-3/images/cksretxmrssmp0yon4a5vba21.jpg
cksretxmrssmk0yonfm3ofjz8,Labelbox/golf-3/images/cksretxmrssmk0yonfm3ofjz8.jpg
cksretxmrssmf0yon6m0a46r9,Labelbox/golf-3/images/cksretxmrssmf0yon6m0a46r9.jpg
cksretxmrssma0yonemb9f0lt,Labelbox/golf-3/images/cksretxmrssma0yonemb9f0lt.jpg
cksretxmrssm50yon3abr0vaz,Labelbox/golf-3/images/cksretxmrssm50yon3abr0vaz.jpg
cksretxmrssm00yon5w4s8e28,Labelbox/golf-3/images/cksretxmrssm00yon5w4s8e28.jpg
cksretxmrsslv0yonagkig7e3,Labelbox/golf-3/images/cksretxmrsslv0yonagkig7e3.jpg
cksretxmrsslq0yon4l32g4ko,Labelbox/golf-3/images/cksretxmrsslq0yon4l32g4ko.jpg
cksretxmrssll0yondtzw029c,Labelbox/golf-3/images/cksretxmrssll0yondtzw029c.jpg
cksretxmrsslg0yongta967wg,Labelbox/golf-3/images/cksretxmrsslg0yongta967wg.jpg
cksretxmqsslb0yonf3nv7le2,Labelbox/golf-3/images/cksretxmqsslb0yonf3nv7le2.jpg
cksretxmqssl60yon68gk5cu7,Labelbox/golf-3/images/cksretxmqssl60yon68gk5cu7.jpg
cksretxmqssl10yon5agy16b4,Labelbox/golf-3/images/cksretxmqssl10yon5agy16b4.jpg
cksretxmqsskw0yon8ugh8eka,Labelbox/golf-3/images/cksretxmqsskw0yon8ugh8eka.jpg
cksretxmqsskr0yon93j0giub,Labelbox/golf-3/images/cksretxmqsskr0yon93j0giub.jpg
cksretxmqsskm0yon1dog42t6,Labelbox/golf-3/images/cksretxmqsskm0yon1dog42t6.jpg
cksretxmqsskh0yon01rqbmy9,Labelbox/golf-3/images/cksretxmqsskh0yon01rqbmy9.jpg
cksretxmqsskc0yonaw80h6mh,Labelbox/golf-3/images/cksretxmqsskc0yonaw80h6mh.jpg
cksretxmqssk70yonclwiatkz,Labelbox/golf-3/images/cksretxmqssk70yonclwiatkz.jpg
cksretxmqssk20yon2cvr0m4w,Labelbox/golf-3/images/cksretxmqssk20yon2cvr0m4w.jpg
ckrkltjz0u15n0yp2ftig69dr,Labelbox/golf-3/images/ckrkltjz0u15n0yp2ftig69dr.jpg
ckrkltjz0u15i0yp20gzhcd8k,Labelbox/golf-3/images/ckrkltjz0u15i0yp20gzhcd8k.jpg
ckrkltjz0u15d0yp2533p1joc,Labelbox/golf-3/images/ckrkltjz0u15d0yp2533p1joc.jpg
ckrkltjz0u1580yp27y4u4pht,Labelbox/golf-3/images/ckrkltjz0u1580yp27y4u4pht.jpg
ckrkltjz0u1530yp2068cdj9t,Labelbox/golf-3/images/ckrkltjz0u1530yp2068cdj9t.jpg
ckrkltjz0u14y0yp2b0s384ot,Labelbox/golf-3/images/ckrkltjz0u14y0yp2b0s384ot.jpg
ckrkltjz0u14t0yp23v3geli3,Labelbox/golf-3/images/ckrkltjz0u14t0yp23v3geli3.jpg
ckrkltjyzu14o0yp21v07cyv1,Labelbox/golf-3/images/ckrkltjyzu14o0yp21v07cyv1.jpg
ckrkltjyzu14j0yp207d33o01,Labelbox/golf-3/images/ckrkltjyzu14j0yp207d33o01.jpg
ckrkltjyzu14e0yp2gb7o5fh5,Labelbox/golf-3/images/ckrkltjyzu14e0yp2gb7o5fh5.jpg
ckrkltjyzu1490yp22zhv20kr,Labelbox/golf-3/images/ckrkltjyzu1490yp22zhv20kr.jpg
ckrkltjyzu1440yp21g4h66ox,Labelbox/golf-3/images/ckrkltjyzu1440yp21g4h66ox.jpg
ckrkltjyzu13z0yp27kvjc64e,Labelbox/golf-3/images/ckrkltjyzu13z0yp27kvjc64e.jpg
ckrkltjyzu13u0yp2ch47a9r9,Labelbox/golf-3/images/ckrkltjyzu13u0yp2ch47a9r9.jpg
ckrkltjyzu13p0yp24a3l8wf5,Labelbox/golf-3/images/ckrkltjyzu13p0yp24a3l8wf5.jpg
ckrkltjyzu13k0yp20b114ks1,Labelbox/golf-3/images/ckrkltjyzu13k0yp20b114ks1.jpg
ckrkltjyzu13f0yp29jxfgozk,Labelbox/golf-3/images/ckrkltjyzu13f0yp29jxfgozk.jpg
ckrkltjyzu13a0yp28luk6hyd,Labelbox/golf-3/images/ckrkltjyzu13a0yp28luk6hyd.jpg
ckrkltjyzu1350yp278u5er4d,Labelbox/golf-3/images/ckrkltjyzu1350yp278u5er4d.jpg
ckrkltjyzu1300yp2003h4tz6,Labelbox/golf-3/images/ckrkltjyzu1300yp2003h4tz6.jpg
ckrkltjyzu12v0yp25aum1d99,Labelbox/golf-3/images/ckrkltjyzu12v0yp25aum1d99.jpg
ckrkltjyzu12q0yp2dvpdhgu3,Labelbox/golf-3/images/ckrkltjyzu12q0yp2dvpdhgu3.jpg
ckrkltjyzu12l0yp2c5uidnzn,Labelbox/golf-3/images/ckrkltjyzu12l0yp2c5uidnzn.jpg
ckrkltjyzu12g0yp24mu1fbvj,Labelbox/golf-3/images/ckrkltjyzu12g0yp24mu1fbvj.jpg
ckrkltjyzu12b0yp22ixq7f4u,Labelbox/golf-3/images/ckrkltjyzu12b0yp22ixq7f4u.jpg
ckrkltjyzu1260yp2cjz2gors,Labelbox/golf-3/images/ckrkltjyzu1260yp2cjz2gors.jpg
ckrkltjyzu1210yp27mwregx6,Labelbox/golf-3/images/ckrkltjyzu1210yp27mwregx6.jpg
ckrkltjyzu11w0yp2829f24tm,Labelbox/golf-3/images/ckrkltjyzu11w0yp2829f24tm.jpg
ckrkltjyzu11r0yp2a5huh7lv,Labelbox/golf-3/images/ckrkltjyzu11r0yp2a5huh7lv.jpg
ckrkltjyzu11m0yp20jy0afv0,Labelbox/golf-3/images/ckrkltjyzu11m0yp20jy0afv0.jpg
ckrkltjyzu11h0yp2eocnh5xs,Labelbox/golf-3/images/ckrkltjyzu11h0yp2eocnh5xs.jpg
ckrkltjyzu11c0yp2ho2le4b7,Labelbox/golf-3/images/ckrkltjyzu11c0yp2ho2le4b7.jpg
ckrkltjyzu1170yp23xnl7foh,Labelbox/golf-3/images/ckrkltjyzu1170yp23xnl7foh.jpg
ckrkltjyyu1120yp2c36a9v9q,Labelbox/golf-3/images/ckrkltjyyu1120yp2c36a9v9q.jpg
ckrkltjyyu10x0yp2g3yl8fbo,Labelbox/golf-3/images/ckrkltjyyu10x0yp2g3yl8fbo.jpg
ckrkltjyyu10s0yp269ei5ia4,Labelbox/golf-3/images/ckrkltjyyu10s0yp269ei5ia4.jpg
ckrkltjyyu10n0yp2bx2ke4f3,Labelbox/golf-3/images/ckrkltjyyu10n0yp2bx2ke4f3.jpg
ckrkltjyyu10i0yp2dzwveoga,Labelbox/golf-3/images/ckrkltjyyu10i0yp2dzwveoga.jpg
ckrkltjyyu10d0yp2ggxgcyu3,Labelbox/golf-3/images/ckrkltjyyu10d0yp2ggxgcyu3.jpg
ckrkltjyyu1080yp2hob98p9r,Labelbox/golf-3/images/ckrkltjyyu1080yp2hob98p9r.jpg
ckrkltjyyu1030yp286dn1j92,Labelbox/golf-3/images/ckrkltjyyu1030yp286dn1j92.jpg
ckrkltjyyu0zy0yp2bk25etub,Labelbox/golf-3/images/ckrkltjyyu0zy0yp2bk25etub.jpg
ckrkltjyyu0zt0yp2hq2q4m3u,Labelbox/golf-3/images/ckrkltjyyu0zt0yp2hq2q4m3u.jpg
ckrkltjyyu0zo0yp275hbhjo3,Labelbox/golf-3/images/ckrkltjyyu0zo0yp275hbhjo3.jpg
ckrkltjyyu0zj0yp2d5i1fhrj,Labelbox/golf-3/images/ckrkltjyyu0zj0yp2d5i1fhrj.jpg
ckrkltjyyu0ze0yp2e01udchq,Labelbox/golf-3/images/ckrkltjyyu0ze0yp2e01udchq.jpg
ckrkltjyyu0z90yp2fr0zachf,Labelbox/golf-3/images/ckrkltjyyu0z90yp2fr0zachf.jpg
ckrkltjyyu0z40yp2au70baj7,Labelbox/golf-3/images/ckrkltjyyu0z40yp2au70baj7.jpg
ckrkltjyyu0yz0yp27rqcg7wl,Labelbox/golf-3/images/ckrkltjyyu0yz0yp27rqcg7wl.jpg
ckrkltjyyu0yu0yp231ttaznz,Labelbox/golf-3/images/ckrkltjyyu0yu0yp231ttaznz.jpg
ckrkltjyyu0yp0yp2hbsqd16a,Labelbox/golf-3/images/ckrkltjyyu0yp0yp2hbsqd16a.jpg
ckrkltjyyu0yk0yp29bjifoen,Labelbox/golf-3/images/ckrkltjyyu0yk0yp29bjifoen.jpg
ckrkltjyyu0yf0yp2ds409mtg,Labelbox/golf-3/images/ckrkltjyyu0yf0yp2ds409mtg.jpg
ckrkltjyyu0ya0yp2gczceuhe,Labelbox/golf-3/images/ckrkltjyyu0ya0yp2gczceuhe.jpg
ckrkltjyvu0y50yp20ic13ecw,Labelbox/golf-3/images/ckrkltjyvu0y50yp20ic13ecw.jpg
ckrkltjyvu0y00yp24jr01fdm,Labelbox/golf-3/images/ckrkltjyvu0y00yp24jr01fdm.jpg
ckrkltjyvu0xv0yp23rp706f4,Labelbox/golf-3/images/ckrkltjyvu0xv0yp23rp706f4.jpg
ckrkltjyvu0xq0yp28pu23li8,Labelbox/golf-3/images/ckrkltjyvu0xq0yp28pu23li8.jpg
ckrkltjyuu0xl0yp2eaat92fo,Labelbox/golf-3/images/ckrkltjyuu0xl0yp2eaat92fo.jpg
ckrkltjyuu0xg0yp26p757vnj,Labelbox/golf-3/images/ckrkltjyuu0xg0yp26p757vnj.jpg
ckrkltjyuu0xb0yp27masbmyr,Labelbox/golf-3/images/ckrkltjyuu0xb0yp27masbmyr.jpg
ckrkltjyuu0x60yp2dtstbmfw,Labelbox/golf-3/images/ckrkltjyuu0x60yp2dtstbmfw.jpg
ckrkltjyuu0x10yp2e0qfg9r1,Labelbox/golf-3/images/ckrkltjyuu0x10yp2e0qfg9r1.jpg
ckrkltjyuu0ww0yp21psha4uu,Labelbox/golf-3/images/ckrkltjyuu0ww0yp21psha4uu.jpg
ckrkltjyuu0wr0yp26pav5bik,Labelbox/golf-3/images/ckrkltjyuu0wr0yp26pav5bik.jpg
ckrkltjyuu0wm0yp25x6d18ov,Labelbox/golf-3/images/ckrkltjyuu0wm0yp25x6d18ov.jpg
ckrkltjyuu0wh0yp26xlzh5v5,Labelbox/golf-3/images/ckrkltjyuu0wh0yp26xlzh5v5.jpg
ckrkltjyuu0wc0yp207by70s7,Labelbox/golf-3/images/ckrkltjyuu0wc0yp207by70s7.jpg
ckrkltjyuu0w70yp2botu2wxy,Labelbox/golf-3/images/ckrkltjyuu0w70yp2botu2wxy.jpg
ckrkltjyuu0w20yp2ahmngj1u,Labelbox/golf-3/images/ckrkltjyuu0w20yp2ahmngj1u.jpg
ckrkltjyuu0vx0yp2751z0v5x,Labelbox/golf-3/images/ckrkltjyuu0vx0yp2751z0v5x.jpg
ckrkltjyuu0vs0yp260y56evb,Labelbox/golf-3/images/ckrkltjyuu0vs0yp260y56evb.jpg
ckrkltjyuu0vn0yp20aza6ix5,Labelbox/golf-3/images/ckrkltjyuu0vn0yp20aza6ix5.jpg
ckrkltjyuu0vi0yp29ph8b6xu,Labelbox/golf-3/images/ckrkltjyuu0vi0yp29ph8b6xu.jpg
ckrkltjyuu0vd0yp205wz00t5,Labelbox/golf-3/images/ckrkltjyuu0vd0yp205wz00t5.jpg
ckrkltjyuu0v80yp2dehjdwvi,Labelbox/golf-3/images/ckrkltjyuu0v80yp2dehjdwvi.jpg
ckrkltjyuu0v30yp2d3ei2f95,Labelbox/golf-3/images/ckrkltjyuu0v30yp2d3ei2f95.jpg
ckrkltjytu0uy0yp28dji8797,Labelbox/golf-3/images/ckrkltjytu0uy0yp28dji8797.jpg
ckrkltjytu0ut0yp2c9hgfx05,Labelbox/golf-3/images/ckrkltjytu0ut0yp2c9hgfx05.jpg
ckrkltjytu0uo0yp231re548d,Labelbox/golf-3/images/ckrkltjytu0uo0yp231re548d.jpg
ckrkltjytu0uj0yp2dcmif1ob,Labelbox/golf-3/images/ckrkltjytu0uj0yp2dcmif1ob.jpg
ckrkltjytu0ue0yp271jbbmcc,Labelbox/golf-3/images/ckrkltjytu0ue0yp271jbbmcc.jpg
ckrkltjytu0u90yp24sgsbevd,Labelbox/golf-3/images/ckrkltjytu0u90yp24sgsbevd.jpg
ckrkltjytu0u40yp223wfavxh,Labelbox/golf-3/images/ckrkltjytu0u40yp223wfavxh.jpg
ckrkltjytu0tz0yp2frdzf6pt,Labelbox/golf-3/images/ckrkltjytu0tz0yp2frdzf6pt.jpg
ckrkltjytu0tu0yp275kjev7g,Labelbox/golf-3/images/ckrkltjytu0tu0yp275kjev7g.jpg
ckrkltjytu0tp0yp2bxis05x6,Labelbox/golf-3/images/ckrkltjytu0tp0yp2bxis05x6.jpg
ckrkltjytu0tk0yp2f1k2br7p,Labelbox/golf-3/images/ckrkltjytu0tk0yp2f1k2br7p.jpg
ckrkltjytu0tf0yp24d062ghd,Labelbox/golf-3/images/ckrkltjytu0tf0yp24d062ghd.jpg
ckrkltjytu0ta0yp2bwrcf3wg,Labelbox/golf-3/images/ckrkltjytu0ta0yp2bwrcf3wg.jpg
ckrkltjytu0t50yp2ak08ffbh,Labelbox/golf-3/images/ckrkltjytu0t50yp2ak08ffbh.jpg
ckrkltjytu0t00yp2cac04u15,Labelbox/golf-3/images/ckrkltjytu0t00yp2cac04u15.jpg
ckrkltjytu0sv0yp2g5mm4amq,Labelbox/golf-3/images/ckrkltjytu0sv0yp2g5mm4amq.jpg
ckrkltjytu0sq0yp27qba1h58,Labelbox/golf-3/images/ckrkltjytu0sq0yp27qba1h58.jpg
ckrkltjytu0sl0yp2f0fl8j1q,Labelbox/golf-3/images/ckrkltjytu0sl0yp2f0fl8j1q.jpg
ckrkltjysu0sg0yp2ctdmbtew,Labelbox/golf-3/images/ckrkltjysu0sg0yp2ctdmbtew.jpg
ckrkltjysu0sb0yp23ngw82le,Labelbox/golf-3/images/ckrkltjysu0sb0yp23ngw82le.jpg
ckrkltjysu0s60yp20sozh44c,Labelbox/golf-3/images/ckrkltjysu0s60yp20sozh44c.jpg
ckrkltjysu0s10yp2h7y9fb75,Labelbox/golf-3/images/ckrkltjysu0s10yp2h7y9fb75.jpg
ckrkltjysu0rw0yp23bb26hvs,Labelbox/golf-3/images/ckrkltjysu0rw0yp23bb26hvs.jpg
ckrkltjysu0rr0yp2bakscihw,Labelbox/golf-3/images/ckrkltjysu0rr0yp2bakscihw.jpg
ckrkltjysu0rm0yp29z3td0u7,Labelbox/golf-3/images/ckrkltjysu0rm0yp29z3td0u7.jpg
ckrkltjysu0rh0yp2gkonbm5p,Labelbox/golf-3/images/ckrkltjysu0rh0yp2gkonbm5p.jpg
ckrkltjysu0rc0yp2eha70coo,Labelbox/golf-3/images/ckrkltjysu0rc0yp2eha70coo.jpg
ckrkltjysu0r70yp2fxfuh5wd,Labelbox/golf-3/images/ckrkltjysu0r70yp2fxfuh5wd.jpg
ckrkltjysu0r20yp21qu02jab,Labelbox/golf-3/images/ckrkltjysu0r20yp21qu02jab.jpg
ckrkltjysu0qx0yp270ghc7bg,Labelbox/golf-3/images/ckrkltjysu0qx0yp270ghc7bg.jpg
ckrkltjysu0qs0yp2g5x80iqw,Labelbox/golf-3/images/ckrkltjysu0qs0yp2g5x80iqw.jpg
ckrkltjysu0qn0yp2d2kyc8ue,Labelbox/golf-3/images/ckrkltjysu0qn0yp2d2kyc8ue.jpg
ckrkltjysu0qi0yp2eg1g4tdp,Labelbox/golf-3/images/ckrkltjysu0qi0yp2eg1g4tdp.jpg
ckrkltjysu0qd0yp2b2jubx7g,Labelbox/golf-3/images/ckrkltjysu0qd0yp2b2jubx7g.jpg
ckrkltjysu0q80yp2ckzweqpk,Labelbox/golf-3/images/ckrkltjysu0q80yp2ckzweqpk.jpg
ckrkltjysu0q30yp2buvvc2g8,Labelbox/golf-3/images/ckrkltjysu0q30yp2buvvc2g8.jpg
ckrkltjyru0py0yp27okeenid,Labelbox/golf-3/images/ckrkltjyru0py0yp27okeenid.jpg
ckrkltjyru0pt0yp2ffiphrgm,Labelbox/golf-3/images/ckrkltjyru0pt0yp2ffiphrgm.jpg
ckrkltjyru0po0yp2coskgc0c,Labelbox/golf-3/images/ckrkltjyru0po0yp2coskgc0c.jpg
ckrkltjyru0pj0yp26t5ycpq8,Labelbox/golf-3/images/ckrkltjyru0pj0yp26t5ycpq8.jpg
ckrkltjyru0pe0yp2b579djib,Labelbox/golf-3/images/ckrkltjyru0pe0yp2b579djib.jpg
ckrkltjyru0p90yp2cn853gdt,Labelbox/golf-3/images/ckrkltjyru0p90yp2cn853gdt.jpg
ckrkltjyru0p40yp25xuj9zar,Labelbox/golf-3/images/ckrkltjyru0p40yp25xuj9zar.jpg
ckrkltjyru0oz0yp2b8lrex5j,Labelbox/golf-3/images/ckrkltjyru0oz0yp2b8lrex5j.jpg
ckrkltjyru0ou0yp29w7xf1px,Labelbox/golf-3/images/ckrkltjyru0ou0yp29w7xf1px.jpg
ckrkltjyru0op0yp2ee6r47zp,Labelbox/golf-3/images/ckrkltjyru0op0yp2ee6r47zp.jpg
ckrkltjyru0ok0yp2fd1wd3nh,Labelbox/golf-3/images/ckrkltjyru0ok0yp2fd1wd3nh.jpg
ckrkltjyru0of0yp296jr96pl,Labelbox/golf-3/images/ckrkltjyru0of0yp296jr96pl.jpg
ckrkltjyru0oa0yp2a2m20g05,Labelbox/golf-3/images/ckrkltjyru0oa0yp2a2m20g05.jpg
ckrkltjyru0o50yp2baud28e2,Labelbox/golf-3/images/ckrkltjyru0o50yp2baud28e2.jpg
ckrkltjyru0o00yp2f850a82g,Labelbox/golf-3/images/ckrkltjyru0o00yp2f850a82g.jpg
ckrkltjyru0nv0yp2ab9dhij9,Labelbox/golf-3/images/ckrkltjyru0nv0yp2ab9dhij9.jpg
ckrkltjyru0nq0yp276g63i75,Labelbox/golf-3/images/ckrkltjyru0nq0yp276g63i75.jpg
ckrkltjyru0nl0yp21pw6cjmv,Labelbox/golf-3/images/ckrkltjyru0nl0yp21pw6cjmv.jpg
ckrkltjyru0ng0yp2a2jl794b,Labelbox/golf-3/images/ckrkltjyru0ng0yp2a2jl794b.jpg
ckrkltjyqu0nb0yp2ft9agl2r,Labelbox/golf-3/images/ckrkltjyqu0nb0yp2ft9agl2r.jpg
ckrkltjyqu0n60yp2f9vj3m59,Labelbox/golf-3/images/ckrkltjyqu0n60yp2f9vj3m59.jpg
ckrkltjyqu0n10yp2g12f56sr,Labelbox/golf-3/images/ckrkltjyqu0n10yp2g12f56sr.jpg
ckrkltjyqu0mw0yp22idd7n3b,Labelbox/golf-3/images/ckrkltjyqu0mw0yp22idd7n3b.jpg
ckrkltjyqu0mr0yp21fm47mur,Labelbox/golf-3/images/ckrkltjyqu0mr0yp21fm47mur.jpg
ckrkltjyqu0mm0yp2honz7648,Labelbox/golf-3/images/ckrkltjyqu0mm0yp2honz7648.jpg
ckrkltjyqu0mh0yp29lidhbql,Labelbox/golf-3/images/ckrkltjyqu0mh0yp29lidhbql.jpg
ckrkltjyqu0mc0yp269nyemwm,Labelbox/golf-3/images/ckrkltjyqu0mc0yp269nyemwm.jpg
ckrkltjyqu0m70yp2aggq7v45,Labelbox/golf-3/images/ckrkltjyqu0m70yp2aggq7v45.jpg
ckrkltjyqu0m20yp2axrac2ov,Labelbox/golf-3/images/ckrkltjyqu0m20yp2axrac2ov.jpg
ckrkltjyqu0lx0yp224o52b47,Labelbox/golf-3/images/ckrkltjyqu0lx0yp224o52b47.jpg
ckrkltjyqu0ls0yp28hj8gf6k,Labelbox/golf-3/images/ckrkltjyqu0ls0yp28hj8gf6k.jpg
ckrkltjyqu0ln0yp2dqqe15oc,Labelbox/golf-3/images/ckrkltjyqu0ln0yp2dqqe15oc.jpg
ckrkltjyqu0li0yp2b9o66h8o,Labelbox/golf-3/images/ckrkltjyqu0li0yp2b9o66h8o.jpg
ckrkltjyqu0ld0yp24s4a707i,Labelbox/golf-3/images/ckrkltjyqu0ld0yp24s4a707i.jpg
ckrkltjyqu0l80yp2bxoo4dl6,Labelbox/golf-3/images/ckrkltjyqu0l80yp2bxoo4dl6.jpg
ckrkltjyqu0l30yp2f4ji2n5h,Labelbox/golf-3/images/ckrkltjyqu0l30yp2f4ji2n5h.jpg
ckrkltjyqu0ky0yp2ey2h275t,Labelbox/golf-3/images/ckrkltjyqu0ky0yp2ey2h275t.jpg
ckrkltjypu0kt0yp29e2e171s,Labelbox/golf-3/images/ckrkltjypu0kt0yp29e2e171s.jpg
ckrkltjypu0ko0yp22lh5bv5f,Labelbox/golf-3/images/ckrkltjypu0ko0yp22lh5bv5f.jpg
ckrkltjypu0kj0yp26adie3cv,Labelbox/golf-3/images/ckrkltjypu0kj0yp26adie3cv.jpg
ckrkltjypu0ke0yp201lhdrev,Labelbox/golf-3/images/ckrkltjypu0ke0yp201lhdrev.jpg
ckrkltjypu0k90yp20c635h18,Labelbox/golf-3/images/ckrkltjypu0k90yp20c635h18.jpg
ckrkltjypu0k40yp24g6tht1y,Labelbox/golf-3/images/ckrkltjypu0k40yp24g6tht1y.jpg
ckrkltjypu0jz0yp233vlbqjj,Labelbox/golf-3/images/ckrkltjypu0jz0yp233vlbqjj.jpg
ckrkltjypu0ju0yp270bf3akf,Labelbox/golf-3/images/ckrkltjypu0ju0yp270bf3akf.jpg
ckrkltjypu0jp0yp2hvsf1bzn,Labelbox/golf-3/images/ckrkltjypu0jp0yp2hvsf1bzn.jpg
ckrkltjypu0jk0yp2ef2e7ypj,Labelbox/golf-3/images/ckrkltjypu0jk0yp2ef2e7ypj.jpg
ckrkltjypu0jf0yp2f23w36zo,Labelbox/golf-3/images/ckrkltjypu0jf0yp2f23w36zo.jpg
ckrkltjypu0ja0yp2ecoshyxj,Labelbox/golf-3/images/ckrkltjypu0ja0yp2ecoshyxj.jpg
ckrkltjypu0j50yp255891ce6,Labelbox/golf-3/images/ckrkltjypu0j50yp255891ce6.jpg
ckrkltjypu0j00yp2dtq1hszj,Labelbox/golf-3/images/ckrkltjypu0j00yp2dtq1hszj.jpg
ckrkltjypu0iv0yp2gwk659e4,Labelbox/golf-3/images/ckrkltjypu0iv0yp2gwk659e4.jpg
ckrkltjypu0iq0yp2dds389a0,Labelbox/golf-3/images/ckrkltjypu0iq0yp2dds389a0.jpg
ckrkltjypu0il0yp22xgqgtav,Labelbox/golf-3/images/ckrkltjypu0il0yp22xgqgtav.jpg
ckrkltjypu0ig0yp23p4vhpqe,Labelbox/golf-3/images/ckrkltjypu0ig0yp23p4vhpqe.jpg
ckrkltjyou0ib0yp28bxo09f3,Labelbox/golf-3/images/ckrkltjyou0ib0yp28bxo09f3.jpg
ckrkltjyou0i60yp212esd89y,Labelbox/golf-3/images/ckrkltjyou0i60yp212esd89y.jpg
ckrkltjyou0i10yp29ohn0ch4,Labelbox/golf-3/images/ckrkltjyou0i10yp29ohn0ch4.jpg
ckrkltjyou0hw0yp2273dgvvh,Labelbox/golf-3/images/ckrkltjyou0hw0yp2273dgvvh.jpg
ckrkltjyou0hr0yp26dd70wm0,Labelbox/golf-3/images/ckrkltjyou0hr0yp26dd70wm0.jpg
ckrkltjyou0hm0yp204nvaak9,Labelbox/golf-3/images/ckrkltjyou0hm0yp204nvaak9.jpg
ckrkltjyou0hh0yp24uc82q1r,Labelbox/golf-3/images/ckrkltjyou0hh0yp24uc82q1r.jpg
ckrkltjyou0hc0yp226x0gd7k,Labelbox/golf-3/images/ckrkltjyou0hc0yp226x0gd7k.jpg
ckrkltjyou0h70yp26dhh574j,Labelbox/golf-3/images/ckrkltjyou0h70yp26dhh574j.jpg
ckrkltjyou0h20yp29j7z7wq0,Labelbox/golf-3/images/ckrkltjyou0h20yp29j7z7wq0.jpg
ckrkltjyou0gx0yp25rpn9edy,Labelbox/golf-3/images/ckrkltjyou0gx0yp25rpn9edy.jpg
ckrkltjyou0gs0yp2d4609d8p,Labelbox/golf-3/images/ckrkltjyou0gs0yp2d4609d8p.jpg
ckrkltjyou0gn0yp2csvn4dgx,Labelbox/golf-3/images/ckrkltjyou0gn0yp2csvn4dgx.jpg
ckrkltjyou0gi0yp2f0alf3ee,Labelbox/golf-3/images/ckrkltjyou0gi0yp2f0alf3ee.jpg
ckrkltjyou0gd0yp27ahidwv6,Labelbox/golf-3/images/ckrkltjyou0gd0yp27ahidwv6.jpg
ckrkltjyou0g80yp21ia50rxd,Labelbox/golf-3/images/ckrkltjyou0g80yp21ia50rxd.jpg
ckrkltjyou0g30yp226uy7z0u,Labelbox/golf-3/images/ckrkltjyou0g30yp226uy7z0u.jpg
ckrkltjyou0fy0yp2hrfc2s24,Labelbox/golf-3/images/ckrkltjyou0fy0yp2hrfc2s24.jpg
ckrkltjyou0ft0yp257pic7t0,Labelbox/golf-3/images/ckrkltjyou0ft0yp257pic7t0.jpg
ckrkltjyou0fo0yp26lj038p4,Labelbox/golf-3/images/ckrkltjyou0fo0yp26lj038p4.jpg
ckrkltjyou0fj0yp2f5dnh4tf,Labelbox/golf-3/images/ckrkltjyou0fj0yp2f5dnh4tf.jpg
ckrkltjyou0fe0yp20qcq6bh0,Labelbox/golf-3/images/ckrkltjyou0fe0yp20qcq6bh0.jpg
ckrkltjynu0f90yp245e358j1,Labelbox/golf-3/images/ckrkltjynu0f90yp245e358j1.jpg
ckrkltjynu0f40yp26s44fr1f,Labelbox/golf-3/images/ckrkltjynu0f40yp26s44fr1f.jpg
ckrkltjynu0ez0yp2ewpyavjc,Labelbox/golf-3/images/ckrkltjynu0ez0yp2ewpyavjc.jpg
ckrkltjynu0eu0yp25qu0gbxs,Labelbox/golf-3/images/ckrkltjynu0eu0yp25qu0gbxs.jpg
ckrkltjynu0ep0yp29z7s4vsn,Labelbox/golf-3/images/ckrkltjynu0ep0yp29z7s4vsn.jpg
ckrkltjynu0ek0yp28v9n6rqk,Labelbox/golf-3/images/ckrkltjynu0ek0yp28v9n6rqk.jpg
ckrkltjynu0ef0yp28qip3ajc,Labelbox/golf-3/images/ckrkltjynu0ef0yp28qip3ajc.jpg
ckrkltjynu0ea0yp2elxidueh,Labelbox/golf-3/images/ckrkltjynu0ea0yp2elxidueh.jpg
ckrkltjynu0e50yp24qo9b53q,Labelbox/golf-3/images/ckrkltjynu0e50yp24qo9b53q.jpg
ckrkltjynu0e00yp2eionbl7u,Labelbox/golf-3/images/ckrkltjynu0e00yp2eionbl7u.jpg
ckrkltjynu0dv0yp2ajxc8lk8,Labelbox/golf-3/images/ckrkltjynu0dv0yp2ajxc8lk8.jpg
ckrkltjynu0dq0yp2bchwe6v3,Labelbox/golf-3/images/ckrkltjynu0dq0yp2bchwe6v3.jpg
ckrkltjynu0dl0yp2gbeh8o1j,Labelbox/golf-3/images/ckrkltjynu0dl0yp2gbeh8o1j.jpg
ckrkltjynu0dg0yp2hme24fxc,Labelbox/golf-3/images/ckrkltjynu0dg0yp2hme24fxc.jpg
ckrkltjynu0db0yp268jqcwnj,Labelbox/golf-3/images/ckrkltjynu0db0yp268jqcwnj.jpg
ckrkltjylu0d60yp212ii0jam,Labelbox/golf-3/images/ckrkltjylu0d60yp212ii0jam.jpg
ckrkltjylu0d10yp28qepa1uw,Labelbox/golf-3/images/ckrkltjylu0d10yp28qepa1uw.jpg
ckrkltjylu0cw0yp2ha203ft1,Labelbox/golf-3/images/ckrkltjylu0cw0yp2ha203ft1.jpg
ckrkltjylu0cr0yp25r631s71,Labelbox/golf-3/images/ckrkltjylu0cr0yp25r631s71.jpg
ckrkltjylu0cm0yp2bqxgfdz0,Labelbox/golf-3/images/ckrkltjylu0cm0yp2bqxgfdz0.jpg
ckrkltjylu0ch0yp2abq6c1rl,Labelbox/golf-3/images/ckrkltjylu0ch0yp2abq6c1rl.jpg
ckrkltjylu0cc0yp2hxuzfjwd,Labelbox/golf-3/images/ckrkltjylu0cc0yp2hxuzfjwd.jpg
ckrkltjylu0c70yp2dlzjhe9p,Labelbox/golf-3/images/ckrkltjylu0c70yp2dlzjhe9p.jpg
ckrkltjylu0c20yp2h5nzbzs8,Labelbox/golf-3/images/ckrkltjylu0c20yp2h5nzbzs8.jpg
ckrkltjylu0bx0yp2a65t8jkz,Labelbox/golf-3/images/ckrkltjylu0bx0yp2a65t8jkz.jpg
ckrkltjyku0bs0yp2f7uc51ex,Labelbox/golf-3/images/ckrkltjyku0bs0yp2f7uc51ex.jpg
ckrkltjyku0bn0yp2ahmiceat,Labelbox/golf-3/images/ckrkltjyku0bn0yp2ahmiceat.jpg
ckrkltjyku0bi0yp2e5pv3fh9,Labelbox/golf-3/images/ckrkltjyku0bi0yp2e5pv3fh9.jpg
ckrkltjyku0bd0yp2habygrtr,Labelbox/golf-3/images/ckrkltjyku0bd0yp2habygrtr.jpg
ckrkltjyku0b80yp2hihz0b8j,Labelbox/golf-3/images/ckrkltjyku0b80yp2hihz0b8j.jpg
ckrkltjyku0b30yp246o4049x,Labelbox/golf-3/images/ckrkltjyku0b30yp246o4049x.jpg
ckrkltjyku0ay0yp23uq2hz3v,Labelbox/golf-3/images/ckrkltjyku0ay0yp23uq2hz3v.jpg
ckrkltjyku0at0yp2578t9wqg,Labelbox/golf-3/images/ckrkltjyku0at0yp2578t9wqg.jpg
ckrkltjyku0ao0yp2272f3qw2,Labelbox/golf-3/images/ckrkltjyku0ao0yp2272f3qw2.jpg
ckrkltjyku0aj0yp23aulhm9x,Labelbox/golf-3/images/ckrkltjyku0aj0yp23aulhm9x.jpg
ckrkltjyku0ae0yp2bk61exje,Labelbox/golf-3/images/ckrkltjyku0ae0yp2bk61exje.jpg
ckrkltjyku0a90yp23auo3556,Labelbox/golf-3/images/ckrkltjyku0a90yp23auo3556.jpg
ckrkltjyku0a40yp2bhewck17,Labelbox/golf-3/images/ckrkltjyku0a40yp2bhewck17.jpg
ckrkltjyku09z0yp22cuhgu8l,Labelbox/golf-3/images/ckrkltjyku09z0yp22cuhgu8l.jpg
ckrkltjyku09u0yp2fiomg2e5,Labelbox/golf-3/images/ckrkltjyku09u0yp2fiomg2e5.jpg
ckrkltjyku09p0yp2ht884i0n,Labelbox/golf-3/images/ckrkltjyku09p0yp2ht884i0n.jpg
ckrkltjyku09k0yp2cxwnct05,Labelbox/golf-3/images/ckrkltjyku09k0yp2cxwnct05.jpg
ckrkltjyku09f0yp2hkgx1b9d,Labelbox/golf-3/images/ckrkltjyku09f0yp2hkgx1b9d.jpg
ckrkltjyku09a0yp28x7x4v6y,Labelbox/golf-3/images/ckrkltjyku09a0yp28x7x4v6y.jpg
ckrkltjyku0950yp2bz7k24tb,Labelbox/golf-3/images/ckrkltjyku0950yp2bz7k24tb.jpg
ckrkltjyku0900yp25k84hmhm,Labelbox/golf-3/images/ckrkltjyku0900yp25k84hmhm.jpg
ckrkltjyku08v0yp24bce11pk,Labelbox/golf-3/images/ckrkltjyku08v0yp24bce11pk.jpg
ckrkltjyku08q0yp20cvk9ril,Labelbox/golf-3/images/ckrkltjyku08q0yp20cvk9ril.jpg
ckrkltjyku08l0yp20s4zdj8x,Labelbox/golf-3/images/ckrkltjyku08l0yp20s4zdj8x.jpg
ckrkltjyku08g0yp2e7t19x43,Labelbox/golf-3/images/ckrkltjyku08g0yp2e7t19x43.jpg
ckrkltjyju08b0yp20pzrhw8z,Labelbox/golf-3/images/ckrkltjyju08b0yp20pzrhw8z.jpg
ckrkltjyju0860yp22j01exwb,Labelbox/golf-3/images/ckrkltjyju0860yp22j01exwb.jpg
ckrkltjyju0810yp2e6a3di40,Labelbox/golf-3/images/ckrkltjyju0810yp2e6a3di40.jpg
ckrkltjyju07w0yp24aua7s4p,Labelbox/golf-3/images/ckrkltjyju07w0yp24aua7s4p.jpg
ckrkltjyju07r0yp23jla1zdw,Labelbox/golf-3/images/ckrkltjyju07r0yp23jla1zdw.jpg
ckrkltjyju07m0yp20kf8fzxf,Labelbox/golf-3/images/ckrkltjyju07m0yp20kf8fzxf.jpg
ckrkltjyju07h0yp23q5v0v2a,Labelbox/golf-3/images/ckrkltjyju07h0yp23q5v0v2a.jpg
ckrkltjyju07c0yp23c12f9o4,Labelbox/golf-3/images/ckrkltjyju07c0yp23c12f9o4.jpg
ckrkltjyju0770yp2b0cycj3d,Labelbox/golf-3/images/ckrkltjyju0770yp2b0cycj3d.jpg
ckrkltjyju0720yp279bv2kao,Labelbox/golf-3/images/ckrkltjyju0720yp279bv2kao.jpg
ckrkltjyju06x0yp2b0os9are,Labelbox/golf-3/images/ckrkltjyju06x0yp2b0os9are.jpg
ckrkltjyju06s0yp26vvi9ysk,Labelbox/golf-3/images/ckrkltjyju06s0yp26vvi9ysk.jpg
ckrkltjyju06n0yp2dwk55az1,Labelbox/golf-3/images/ckrkltjyju06n0yp2dwk55az1.jpg
ckrkltjyju06i0yp2dj3b1col,Labelbox/golf-3/images/ckrkltjyju06i0yp2dj3b1col.jpg
ckrkltjyju06d0yp2ftnj6kci,Labelbox/golf-3/images/ckrkltjyju06d0yp2ftnj6kci.jpg
ckrkltjyju0680yp26tcoacet,Labelbox/golf-3/images/ckrkltjyju0680yp26tcoacet.jpg
ckrkltjyju0630yp2fhlb6m5t,Labelbox/golf-3/images/ckrkltjyju0630yp2fhlb6m5t.jpg
ckrkltjyju05y0yp2hl8p8c1i,Labelbox/golf-3/images/ckrkltjyju05y0yp2hl8p8c1i.jpg
ckrkltjyju05t0yp23qefbnnv,Labelbox/golf-3/images/ckrkltjyju05t0yp23qefbnnv.jpg
ckrkltjyju05o0yp240uz0s9u,Labelbox/golf-3/images/ckrkltjyju05o0yp240uz0s9u.jpg
ckrkltjyju05j0yp2fsmwfglm,Labelbox/golf-3/images/ckrkltjyju05j0yp2fsmwfglm.jpg
ckrkltjyju05e0yp24skba84l,Labelbox/golf-3/images/ckrkltjyju05e0yp24skba84l.jpg
ckrkltjyju0590yp27c1vffl9,Labelbox/golf-3/images/ckrkltjyju0590yp27c1vffl9.jpg
ckrkltjyju0540yp208175vs9,Labelbox/golf-3/images/ckrkltjyju0540yp208175vs9.jpg
ckrkltjyju04z0yp26fsad6fa,Labelbox/golf-3/images/ckrkltjyju04z0yp26fsad6fa.jpg
ckrkltjyju04u0yp23qr912zo,Labelbox/golf-3/images/ckrkltjyju04u0yp23qr912zo.jpg
ckrkltjyiu04p0yp28yxpfzkh,Labelbox/golf-3/images/ckrkltjyiu04p0yp28yxpfzkh.jpg
ckrkltjyiu04k0yp28mtih2su,Labelbox/golf-3/images/ckrkltjyiu04k0yp28mtih2su.jpg
ckrkltjyiu04f0yp27ko6g32v,Labelbox/golf-3/images/ckrkltjyiu04f0yp27ko6g32v.jpg
ckrkltjyiu04a0yp22f3obfad,Labelbox/golf-3/images/ckrkltjyiu04a0yp22f3obfad.jpg
ckrkltjyiu0450yp285i19xy7,Labelbox/golf-3/images/ckrkltjyiu0450yp285i19xy7.jpg
ckrkltjyiu0400yp248a5enl8,Labelbox/golf-3/images/ckrkltjyiu0400yp248a5enl8.jpg
ckrkltjyiu03v0yp27mlphjiu,Labelbox/golf-3/images/ckrkltjyiu03v0yp27mlphjiu.jpg
ckrkltjyiu03q0yp2bcsm3d95,Labelbox/golf-3/images/ckrkltjyiu03q0yp2bcsm3d95.jpg
ckrkltjyiu03l0yp210417lcn,Labelbox/golf-3/images/ckrkltjyiu03l0yp210417lcn.jpg
ckrkltjyiu03g0yp2b7tv02wk,Labelbox/golf-3/images/ckrkltjyiu03g0yp2b7tv02wk.jpg
ckrkltjyiu03b0yp2f3jafe9a,Labelbox/golf-3/images/ckrkltjyiu03b0yp2f3jafe9a.jpg
ckrkltjyiu0360yp236gqg305,Labelbox/golf-3/images/ckrkltjyiu0360yp236gqg305.jpg
ckrkltjyiu0310yp20t6s3t1r,Labelbox/golf-3/images/ckrkltjyiu0310yp20t6s3t1r.jpg
ckrkltjyiu02w0yp2do9t16lw,Labelbox/golf-3/images/ckrkltjyiu02w0yp2do9t16lw.jpg
ckrkltjyiu02r0yp267e5dl5e,Labelbox/golf-3/images/ckrkltjyiu02r0yp267e5dl5e.jpg
ckrkltjyiu02m0yp2910sa6vq,Labelbox/golf-3/images/ckrkltjyiu02m0yp2910sa6vq.jpg
ckrkltjyiu02h0yp2h3f84w6y,Labelbox/golf-3/images/ckrkltjyiu02h0yp2h3f84w6y.jpg
ckrkltjyiu02c0yp23pswer45,Labelbox/golf-3/images/ckrkltjyiu02c0yp23pswer45.jpg
ckrkltjyiu0270yp216835zo4,Labelbox/golf-3/images/ckrkltjyiu0270yp216835zo4.jpg
ckrkltjyiu0220yp27tsj1ysg,Labelbox/golf-3/images/ckrkltjyiu0220yp27tsj1ysg.jpg
ckrkltjyiu01x0yp2hu3gdtf2,Labelbox/golf-3/images/ckrkltjyiu01x0yp2hu3gdtf2.jpg
ckrkltjyiu01s0yp2h1q68c90,Labelbox/golf-3/images/ckrkltjyiu01s0yp2h1q68c90.jpg
ckrkltjyiu01n0yp2a60uamyd,Labelbox/golf-3/images/ckrkltjyiu01n0yp2a60uamyd.jpg
ckrkltjyiu01i0yp2gor2a0mg,Labelbox/golf-3/images/ckrkltjyiu01i0yp2gor2a0mg.jpg
ckrkltjyiu01d0yp2b1pa7a0k,Labelbox/golf-3/images/ckrkltjyiu01d0yp2b1pa7a0k.jpg
ckrkltjyiu0180yp20ss21s1t,Labelbox/golf-3/images/ckrkltjyiu0180yp20ss21s1t.jpg
ckrkltjyiu0130yp23rlhalfo,Labelbox/golf-3/images/ckrkltjyiu0130yp23rlhalfo.jpg
ckrkltjyhu00y0yp2cfrlb0rp,Labelbox/golf-3/images/ckrkltjyhu00y0yp2cfrlb0rp.jpg
ckrkltjyhu00t0yp25dk323nv,Labelbox/golf-3/images/ckrkltjyhu00t0yp25dk323nv.jpg
ckrkltjyhu00o0yp26xgka5au,Labelbox/golf-3/images/ckrkltjyhu00o0yp26xgka5au.jpg
ckrkltjyhu00j0yp2cv5m61dd,Labelbox/golf-3/images/ckrkltjyhu00j0yp2cv5m61dd.jpg
ckrkltjyhu00e0yp287czfsjl,Labelbox/golf-3/images/ckrkltjyhu00e0yp287czfsjl.jpg
ckrkltjyhu0090yp24addde00,Labelbox/golf-3/images/ckrkltjyhu0090yp24addde00.jpg
ckrkltjyhu0040yp29npubaht,Labelbox/golf-3/images/ckrkltjyhu0040yp29npubaht.jpg
ckrkltjyhtzzz0yp2efv3a01b,Labelbox/golf-3/images/ckrkltjyhtzzz0yp2efv3a01b.jpg
ckrkltjyhtzzu0yp2az0sa76f,Labelbox/golf-3/images/ckrkltjyhtzzu0yp2az0sa76f.jpg
ckrkltjyhtzzp0yp29kq86tmf,Labelbox/golf-3/images/ckrkltjyhtzzp0yp29kq86tmf.jpg
ckrkltjyhtzzk0yp2f47rdf2j,Labelbox/golf-3/images/ckrkltjyhtzzk0yp2f47rdf2j.jpg
ckrkltjyhtzzf0yp2hswxh4fz,Labelbox/golf-3/images/ckrkltjyhtzzf0yp2hswxh4fz.jpg
ckrkltjyhtzza0yp26plo3nve,Labelbox/golf-3/images/ckrkltjyhtzza0yp26plo3nve.jpg
ckrkltjyhtzz50yp2hvi40aof,Labelbox/golf-3/images/ckrkltjyhtzz50yp2hvi40aof.jpg
ckrkltjyhtzz00yp2a6lj3hen,Labelbox/golf-3/images/ckrkltjyhtzz00yp2a6lj3hen.jpg
ckrkltjyhtzyv0yp2c2st2qfx,Labelbox/golf-3/images/ckrkltjyhtzyv0yp2c2st2qfx.jpg
ckrkltjyhtzyq0yp29d7thag9,Labelbox/golf-3/images/ckrkltjyhtzyq0yp29d7thag9.jpg
ckrkltjyhtzyl0yp2879s6ix0,Labelbox/golf-3/images/ckrkltjyhtzyl0yp2879s6ix0.jpg
ckrkltjyhtzyg0yp2doitbyi7,Labelbox/golf-3/images/ckrkltjyhtzyg0yp2doitbyi7.jpg
ckrkltjyhtzyb0yp204ri0fen,Labelbox/golf-3/images/ckrkltjyhtzyb0yp204ri0fen.jpg
ckrkltjyhtzy60yp2dtmu98ki,Labelbox/golf-3/images/ckrkltjyhtzy60yp2dtmu98ki.jpg
ckrkltjyhtzy10yp2h32whlf2,Labelbox/golf-3/images/ckrkltjyhtzy10yp2h32whlf2.jpg
ckrkltjyhtzxw0yp23gm60q8i,Labelbox/golf-3/images/ckrkltjyhtzxw0yp23gm60q8i.jpg
ckrkltjyhtzxr0yp28c1j5sgg,Labelbox/golf-3/images/ckrkltjyhtzxr0yp28c1j5sgg.jpg
ckrkltjyhtzxm0yp2ejbebkpr,Labelbox/golf-3/images/ckrkltjyhtzxm0yp2ejbebkpr.jpg
ckrkltjyhtzxh0yp2b1n90awj,Labelbox/golf-3/images/ckrkltjyhtzxh0yp2b1n90awj.jpg
ckrkltjygtzxc0yp2cnph42br,Labelbox/golf-3/images/ckrkltjygtzxc0yp2cnph42br.jpg
ckrkltjygtzx70yp2cqfu87s8,Labelbox/golf-3/images/ckrkltjygtzx70yp2cqfu87s8.jpg
ckrkltjygtzx20yp2bd01e8dv,Labelbox/golf-3/images/ckrkltjygtzx20yp2bd01e8dv.jpg
ckrkltjygtzwx0yp2axx90ezm,Labelbox/golf-3/images/ckrkltjygtzwx0yp2axx90ezm.jpg
ckrkltjygtzws0yp29u8vfaug,Labelbox/golf-3/images/ckrkltjygtzws0yp29u8vfaug.jpg
ckrkltjygtzwn0yp2gcv0dkqn,Labelbox/golf-3/images/ckrkltjygtzwn0yp2gcv0dkqn.jpg
ckrkltjygtzwi0yp20sqm37n5,Labelbox/golf-3/images/ckrkltjygtzwi0yp20sqm37n5.jpg
ckrkltjygtzwd0yp29zgcc57s,Labelbox/golf-3/images/ckrkltjygtzwd0yp29zgcc57s.jpg
ckrkltjygtzw80yp20l477ts2,Labelbox/golf-3/images/ckrkltjygtzw80yp20l477ts2.jpg
ckrkltjygtzw30yp2gjeve0sd,Labelbox/golf-3/images/ckrkltjygtzw30yp2gjeve0sd.jpg
ckrkltjygtzvy0yp21odi0smk,Labelbox/golf-3/images/ckrkltjygtzvy0yp21odi0smk.jpg
ckrkltjygtzvt0yp29e312mdi,Labelbox/golf-3/images/ckrkltjygtzvt0yp29e312mdi.jpg
ckrkltjygtzvo0yp2dhvog8r1,Labelbox/golf-3/images/ckrkltjygtzvo0yp2dhvog8r1.jpg
ckrkltjygtzvj0yp2g8ni6irk,Labelbox/golf-3/images/ckrkltjygtzvj0yp2g8ni6irk.jpg
ckrkltjygtzve0yp25jvqhgsv,Labelbox/golf-3/images/ckrkltjygtzve0yp25jvqhgsv.jpg
ckrkltjygtzv90yp29v6zehr2,Labelbox/golf-3/images/ckrkltjygtzv90yp29v6zehr2.jpg
ckrkltjygtzv40yp244ur0fi3,Labelbox/golf-3/images/ckrkltjygtzv40yp244ur0fi3.jpg
ckrkltjygtzuz0yp258f7676u,Labelbox/golf-3/images/ckrkltjygtzuz0yp258f7676u.jpg
ckrkltjygtzuu0yp23jgj3geh,Labelbox/golf-3/images/ckrkltjygtzuu0yp23jgj3geh.jpg
ckrkltjygtzup0yp2arbb800m,Labelbox/golf-3/images/ckrkltjygtzup0yp2arbb800m.jpg
ckrkltjygtzuk0yp27pbtca8n,Labelbox/golf-3/images/ckrkltjygtzuk0yp27pbtca8n.jpg
ckrkltjygtzuf0yp2cj8w8tpr,Labelbox/golf-3/images/ckrkltjygtzuf0yp2cj8w8tpr.jpg
ckrkltjygtzua0yp2b7d59a6x,Labelbox/golf-3/images/ckrkltjygtzua0yp2b7d59a6x.jpg
ckrkltjygtzu50yp24ruk7er4,Labelbox/golf-3/images/ckrkltjygtzu50yp24ruk7er4.jpg
ckrkltjygtzu00yp20gtw6iyb,Labelbox/golf-3/images/ckrkltjygtzu00yp20gtw6iyb.jpg
ckrkltjygtztv0yp2h0u501v4,Labelbox/golf-3/images/ckrkltjygtztv0yp2h0u501v4.jpg
ckrkltjygtztq0yp2360d8erp,Labelbox/golf-3/images/ckrkltjygtztq0yp2360d8erp.jpg
ckrkltjyftztl0yp26zr2fsnv,Labelbox/golf-3/images/ckrkltjyftztl0yp26zr2fsnv.jpg
ckrkltjyftztg0yp2hsp96res,Labelbox/golf-3/images/ckrkltjyftztg0yp2hsp96res.jpg
ckrkltjyftztb0yp203ov3zwo,Labelbox/golf-3/images/ckrkltjyftztb0yp203ov3zwo.jpg
ckrkltjyftzt60yp2gtx9h8n1,Labelbox/golf-3/images/ckrkltjyftzt60yp2gtx9h8n1.jpg
ckrkltjyftzt10yp24iwo1rhy,Labelbox/golf-3/images/ckrkltjyftzt10yp24iwo1rhy.jpg
ckrkltjyftzsw0yp23so3at6u,Labelbox/golf-3/images/ckrkltjyftzsw0yp23so3at6u.jpg
ckrkltjyftzsr0yp2ef2o98uo,Labelbox/golf-3/images/ckrkltjyftzsr0yp2ef2o98uo.jpg
ckrkltjyftzsm0yp20b018t3m,Labelbox/golf-3/images/ckrkltjyftzsm0yp20b018t3m.jpg
ckrkltjyftzsh0yp2bbpyh95j,Labelbox/golf-3/images/ckrkltjyftzsh0yp2bbpyh95j.jpg
ckrkltjyftzsc0yp2g17khf1n,Labelbox/golf-3/images/ckrkltjyftzsc0yp2g17khf1n.jpg
ckrkltjyftzs70yp26go68hna,Labelbox/golf-3/images/ckrkltjyftzs70yp26go68hna.jpg
ckrkltjyftzs20yp244shgujb,Labelbox/golf-3/images/ckrkltjyftzs20yp244shgujb.jpg
ckrkltjydtzrx0yp24cup0vun,Labelbox/golf-3/images/ckrkltjydtzrx0yp24cup0vun.jpg
ckrkltjydtzrs0yp27y3re146,Labelbox/golf-3/images/ckrkltjydtzrs0yp27y3re146.jpg
ckrkltjydtzrn0yp2febw1xrg,Labelbox/golf-3/images/ckrkltjydtzrn0yp2febw1xrg.jpg
ckrkltjydtzri0yp227jw9p2b,Labelbox/golf-3/images/ckrkltjydtzri0yp227jw9p2b.jpg
ckrkltjydtzrd0yp24cwo48i7,Labelbox/golf-3/images/ckrkltjydtzrd0yp24cwo48i7.jpg
ckrkltjydtzr80yp23f4j2l98,Labelbox/golf-3/images/ckrkltjydtzr80yp23f4j2l98.jpg
ckrkltjydtzr30yp27os76ekx,Labelbox/golf-3/images/ckrkltjydtzr30yp27os76ekx.jpg
ckrkltjydtzqy0yp2govl64xy,Labelbox/golf-3/images/ckrkltjydtzqy0yp2govl64xy.jpg
ckrkltjydtzqt0yp23uo83zgi,Labelbox/golf-3/images/ckrkltjydtzqt0yp23uo83zgi.jpg
ckrkltjydtzqo0yp25o5m8l3b,Labelbox/golf-3/images/ckrkltjydtzqo0yp25o5m8l3b.jpg
ckrkltjydtzqj0yp20ydhhdeq,Labelbox/golf-3/images/ckrkltjydtzqj0yp20ydhhdeq.jpg
ckrkltjyctzqe0yp22qn49f9i,Labelbox/golf-3/images/ckrkltjyctzqe0yp22qn49f9i.jpg
ckrkltjyctzq90yp23v9kfx42,Labelbox/golf-3/images/ckrkltjyctzq90yp23v9kfx42.jpg
ckrkltjyctzq40yp2hm1n4dqz,Labelbox/golf-3/images/ckrkltjyctzq40yp2hm1n4dqz.jpg
ckrkltjyctzpz0yp29ucl83v0,Labelbox/golf-3/images/ckrkltjyctzpz0yp29ucl83v0.jpg
ckrkltjyctzpu0yp2dffq88nz,Labelbox/golf-3/images/ckrkltjyctzpu0yp2dffq88nz.jpg
ckrkltjyctzpp0yp230ee14di,Labelbox/golf-3/images/ckrkltjyctzpp0yp230ee14di.jpg
ckrkltjyctzpk0yp287yo18i7,Labelbox/golf-3/images/ckrkltjyctzpk0yp287yo18i7.jpg
ckrkltjyctzpf0yp27s9vb6vn,Labelbox/golf-3/images/ckrkltjyctzpf0yp27s9vb6vn.jpg
ckrkltjyctzpa0yp23vjx2ews,Labelbox/golf-3/images/ckrkltjyctzpa0yp23vjx2ews.jpg
ckrkltjyctzp50yp23dz99c70,Labelbox/golf-3/images/ckrkltjyctzp50yp23dz99c70.jpg
ckrkltjyctzp00yp2d38n6lre,Labelbox/golf-3/images/ckrkltjyctzp00yp2d38n6lre.jpg
ckrkltjyctzov0yp2a3my0pte,Labelbox/golf-3/images/ckrkltjyctzov0yp2a3my0pte.jpg
ckrkltjyctzoq0yp2adv9f4kw,Labelbox/golf-3/images/ckrkltjyctzoq0yp2adv9f4kw.jpg
ckrkltjyctzol0yp29epr7ef0,Labelbox/golf-3/images/ckrkltjyctzol0yp29epr7ef0.jpg
ckrkltjyctzog0yp27sc6ejw8,Labelbox/golf-3/images/ckrkltjyctzog0yp27sc6ejw8.jpg
ckrkltjyctzob0yp249en3s0f,Labelbox/golf-3/images/ckrkltjyctzob0yp249en3s0f.jpg
ckrkltjyctzo60yp2eq9gal1c,Labelbox/golf-3/images/ckrkltjyctzo60yp2eq9gal1c.jpg
ckrkltjyctzo10yp22vik2brc,Labelbox/golf-3/images/ckrkltjyctzo10yp22vik2brc.jpg
ckrkltjyctznw0yp288swdi3i,Labelbox/golf-3/images/ckrkltjyctznw0yp288swdi3i.jpg
ckrkltjyctznr0yp2ere7g0ct,Labelbox/golf-3/images/ckrkltjyctznr0yp2ere7g0ct.jpg
ckrkltjyctznm0yp29lofew8h,Labelbox/golf-3/images/ckrkltjyctznm0yp29lofew8h.jpg
ckrkltjyctznh0yp25ii9cv6l,Labelbox/golf-3/images/ckrkltjyctznh0yp25ii9cv6l.jpg
ckrkltjyctznc0yp22lry7drl,Labelbox/golf-3/images/ckrkltjyctznc0yp22lry7drl.jpg
ckrkltjyctzn70yp2214ras0i,Labelbox/golf-3/images/ckrkltjyctzn70yp2214ras0i.jpg
ckrkltjyctzn20yp2bp73gajn,Labelbox/golf-3/images/ckrkltjyctzn20yp2bp73gajn.jpg
ckrkltjyctzmx0yp2ghz16zxt,Labelbox/golf-3/images/ckrkltjyctzmx0yp2ghz16zxt.jpg
ckrkltjyctzms0yp2ffs35ca2,Labelbox/golf-3/images/ckrkltjyctzms0yp2ffs35ca2.jpg
ckrkltjybtzmn0yp24uba7km7,Labelbox/golf-3/images/ckrkltjybtzmn0yp24uba7km7.jpg
ckrkltjybtzmi0yp21kbleve8,Labelbox/golf-3/images/ckrkltjybtzmi0yp21kbleve8.jpg
ckrkltjybtzmd0yp2ey1q3m9n,Labelbox/golf-3/images/ckrkltjybtzmd0yp2ey1q3m9n.jpg
ckrkltjybtzm80yp25mc4guz8,Labelbox/golf-3/images/ckrkltjybtzm80yp25mc4guz8.jpg
ckrkltjybtzm30yp2g5ra3d9o,Labelbox/golf-3/images/ckrkltjybtzm30yp2g5ra3d9o.jpg
ckrkltjybtzly0yp29klw30yd,Labelbox/golf-3/images/ckrkltjybtzly0yp29klw30yd.jpg
ckrkltjybtzlt0yp2hu4fgz10,Labelbox/golf-3/images/ckrkltjybtzlt0yp2hu4fgz10.jpg
ckrkltjybtzlo0yp23evl8qr0,Labelbox/golf-3/images/ckrkltjybtzlo0yp23evl8qr0.jpg
ckrkltjybtzlj0yp2foet0sby,Labelbox/golf-3/images/ckrkltjybtzlj0yp2foet0sby.jpg
ckrkltjybtzle0yp29uncea81,Labelbox/golf-3/images/ckrkltjybtzle0yp29uncea81.jpg
ckrkltjybtzl90yp2c4mfhv1u,Labelbox/golf-3/images/ckrkltjybtzl90yp2c4mfhv1u.jpg
ckrkltjybtzl40yp28zeu3uwc,Labelbox/golf-3/images/ckrkltjybtzl40yp28zeu3uwc.jpg
ckrkltjybtzkz0yp27yaldrfe,Labelbox/golf-3/images/ckrkltjybtzkz0yp27yaldrfe.jpg
ckrkltjybtzku0yp299bfcne9,Labelbox/golf-3/images/ckrkltjybtzku0yp299bfcne9.jpg
ckrkltjybtzkp0yp2fpl42v33,Labelbox/golf-3/images/ckrkltjybtzkp0yp2fpl42v33.jpg
ckrkltjybtzkk0yp2d8lgdsfz,Labelbox/golf-3/images/ckrkltjybtzkk0yp2d8lgdsfz.jpg
ckrkltjybtzkf0yp22nxw438l,Labelbox/golf-3/images/ckrkltjybtzkf0yp22nxw438l.jpg
ckrkltjybtzka0yp2ehi17d79,Labelbox/golf-3/images/ckrkltjybtzka0yp2ehi17d79.jpg
ckrkltjybtzk50yp21b4v5tyz,Labelbox/golf-3/images/ckrkltjybtzk50yp21b4v5tyz.jpg
ckrkltjybtzk00yp27mqhbfg4,Labelbox/golf-3/images/ckrkltjybtzk00yp27mqhbfg4.jpg
ckrkltjybtzjv0yp2h5waaw31,Labelbox/golf-3/images/ckrkltjybtzjv0yp2h5waaw31.jpg
ckrkltjybtzjq0yp2ce0p24hl,Labelbox/golf-3/images/ckrkltjybtzjq0yp2ce0p24hl.jpg
ckrkltjybtzjl0yp28iok2nkm,Labelbox/golf-3/images/ckrkltjybtzjl0yp28iok2nkm.jpg
ckrkltjybtzjg0yp25xyugo68,Labelbox/golf-3/images/ckrkltjybtzjg0yp25xyugo68.jpg
ckrkltjybtzjb0yp28tjdejky,Labelbox/golf-3/images/ckrkltjybtzjb0yp28tjdejky.jpg
ckrkltjyatzj60yp2bqe089nt,Labelbox/golf-3/images/ckrkltjyatzj60yp2bqe089nt.jpg
ckrkltjyatzj10yp21bcz9flk,Labelbox/golf-3/images/ckrkltjyatzj10yp21bcz9flk.jpg
ckrkltjyatziw0yp2bnsm723z,Labelbox/golf-3/images/ckrkltjyatziw0yp2bnsm723z.jpg
ckrkltjyatzir0yp2aph6fe1s,Labelbox/golf-3/images/ckrkltjyatzir0yp2aph6fe1s.jpg
ckrkltjyatzim0yp2a50z7nnn,Labelbox/golf-3/images/ckrkltjyatzim0yp2a50z7nnn.jpg
ckrkltjyatzih0yp250qf4c4p,Labelbox/golf-3/images/ckrkltjyatzih0yp250qf4c4p.jpg
ckrkltjyatzic0yp2g69ndo0c,Labelbox/golf-3/images/ckrkltjyatzic0yp2g69ndo0c.jpg
ckrkltjyatzi70yp27lwc4i85,Labelbox/golf-3/images/ckrkltjyatzi70yp27lwc4i85.jpg
ckrkltjyatzi20yp2f4f83yq0,Labelbox/golf-3/images/ckrkltjyatzi20yp2f4f83yq0.jpg
ckrkltjyatzhx0yp2f89y01va,Labelbox/golf-3/images/ckrkltjyatzhx0yp2f89y01va.jpg
ckrkltjyatzhs0yp20yxsdzl0,Labelbox/golf-3/images/ckrkltjyatzhs0yp20yxsdzl0.jpg
ckrkltjyatzhn0yp20syfe769,Labelbox/golf-3/images/ckrkltjyatzhn0yp20syfe769.jpg
ckrkltjyatzhi0yp24qrxelji,Labelbox/golf-3/images/ckrkltjyatzhi0yp24qrxelji.jpg
ckrkltjyatzhd0yp2cqmdf2c7,Labelbox/golf-3/images/ckrkltjyatzhd0yp2cqmdf2c7.jpg
ckrkltjyatzh80yp2fndw4ft3,Labelbox/golf-3/images/ckrkltjyatzh80yp2fndw4ft3.jpg
ckrkltjyatzh30yp28gg3bpcx,Labelbox/golf-3/images/ckrkltjyatzh30yp28gg3bpcx.jpg
ckrkltjyatzgy0yp24ydubevc,Labelbox/golf-3/images/ckrkltjyatzgy0yp24ydubevc.jpg
ckrkltjyatzgt0yp2a4y6gdat,Labelbox/golf-3/images/ckrkltjyatzgt0yp2a4y6gdat.jpg
ckrkltjyatzgo0yp2bo1m4xai,Labelbox/golf-3/images/ckrkltjyatzgo0yp2bo1m4xai.jpg
ckrkltjyatzgj0yp2e13khj0n,Labelbox/golf-3/images/ckrkltjyatzgj0yp2e13khj0n.jpg
ckrkltjyatzge0yp2cjkgekg3,Labelbox/golf-3/images/ckrkltjyatzge0yp2cjkgekg3.jpg
ckrkltjyatzg90yp2d3ridl73,Labelbox/golf-3/images/ckrkltjyatzg90yp2d3ridl73.jpg
ckrkltjyatzg40yp2e4l9dnvw,Labelbox/golf-3/images/ckrkltjyatzg40yp2e4l9dnvw.jpg
ckrkltjyatzfz0yp26isa0f6u,Labelbox/golf-3/images/ckrkltjyatzfz0yp26isa0f6u.jpg
ckrkltjyatzfu0yp2bsef3ntz,Labelbox/golf-3/images/ckrkltjyatzfu0yp2bsef3ntz.jpg
ckrkltjyatzfp0yp210cvc66y,Labelbox/golf-3/images/ckrkltjyatzfp0yp210cvc66y.jpg
ckrkltjyatzfk0yp20idpd2t5,Labelbox/golf-3/images/ckrkltjyatzfk0yp20idpd2t5.jpg
ckrkltjy9tzff0yp26y851kvu,Labelbox/golf-3/images/ckrkltjy9tzff0yp26y851kvu.jpg
ckrkltjy9tzfa0yp27gqtf4em,Labelbox/golf-3/images/ckrkltjy9tzfa0yp27gqtf4em.jpg
ckrkltjy9tzf50yp2806l7gsl,Labelbox/golf-3/images/ckrkltjy9tzf50yp2806l7gsl.jpg
ckrkltjy9tzf00yp24qrff698,Labelbox/golf-3/images/ckrkltjy9tzf00yp24qrff698.jpg
ckrkltjy9tzev0yp2azvlcfkl,Labelbox/golf-3/images/ckrkltjy9tzev0yp2azvlcfkl.jpg
ckrkltjy9tzeq0yp294rs8apm,Labelbox/golf-3/images/ckrkltjy9tzeq0yp294rs8apm.jpg
ckrkltjy9tzel0yp2dxx45dio,Labelbox/golf-3/images/ckrkltjy9tzel0yp2dxx45dio.jpg
ckrkltjy9tzeg0yp2hxv6emsg,Labelbox/golf-3/images/ckrkltjy9tzeg0yp2hxv6emsg.jpg
ckrkltjy9tzeb0yp2966d7ffd,Labelbox/golf-3/images/ckrkltjy9tzeb0yp2966d7ffd.jpg
ckrkltjy9tze60yp22eyw3b90,Labelbox/golf-3/images/ckrkltjy9tze60yp22eyw3b90.jpg
ckrkltjy9tze10yp2hxkiazw6,Labelbox/golf-3/images/ckrkltjy9tze10yp2hxkiazw6.jpg
ckrkltjy9tzdw0yp2ctg3hy9w,Labelbox/golf-3/images/ckrkltjy9tzdw0yp2ctg3hy9w.jpg
ckrkltjy9tzdr0yp2gfb8942s,Labelbox/golf-3/images/ckrkltjy9tzdr0yp2gfb8942s.jpg
ckrkltjy9tzdm0yp2h2lr76r5,Labelbox/golf-3/images/ckrkltjy9tzdm0yp2h2lr76r5.jpg
ckrkltjy9tzdh0yp27rm79wpl,Labelbox/golf-3/images/ckrkltjy9tzdh0yp27rm79wpl.jpg
ckrkltjy9tzdc0yp28fn9ayt3,Labelbox/golf-3/images/ckrkltjy9tzdc0yp28fn9ayt3.jpg
ckrkltjy9tzd70yp226usa7p4,Labelbox/golf-3/images/ckrkltjy9tzd70yp226usa7p4.jpg
ckrkltjy9tzd20yp20atkb04m,Labelbox/golf-3/images/ckrkltjy9tzd20yp20atkb04m.jpg
ckrkltjy9tzcx0yp2drglhleo,Labelbox/golf-3/images/ckrkltjy9tzcx0yp2drglhleo.jpg
ckrkltjy9tzcs0yp24nyd8ibn,Labelbox/golf-3/images/ckrkltjy9tzcs0yp24nyd8ibn.jpg
ckrkltjy9tzcn0yp2huv49rwb,Labelbox/golf-3/images/ckrkltjy9tzcn0yp2huv49rwb.jpg
ckrkltjy9tzci0yp2bzcm0vqk,Labelbox/golf-3/images/ckrkltjy9tzci0yp2bzcm0vqk.jpg
ckrkltjy9tzcd0yp264lofx1v,Labelbox/golf-3/images/ckrkltjy9tzcd0yp264lofx1v.jpg
ckrkltjy9tzc80yp2dr88b0f3,Labelbox/golf-3/images/ckrkltjy9tzc80yp2dr88b0f3.jpg
ckrkltjy9tzc30yp288bd9dia,Labelbox/golf-3/images/ckrkltjy9tzc30yp288bd9dia.jpg
ckrkltjy9tzby0yp242yofgqq,Labelbox/golf-3/images/ckrkltjy9tzby0yp242yofgqq.jpg
ckrkltjy8tzbt0yp28ero08k6,Labelbox/golf-3/images/ckrkltjy8tzbt0yp28ero08k6.jpg
ckrkltjy8tzbo0yp2gp9s130h,Labelbox/golf-3/images/ckrkltjy8tzbo0yp2gp9s130h.jpg
ckrkltjy8tzbj0yp2fc6u4i8t,Labelbox/golf-3/images/ckrkltjy8tzbj0yp2fc6u4i8t.jpg
ckrkltjy8tzbe0yp24i4n1to9,Labelbox/golf-3/images/ckrkltjy8tzbe0yp24i4n1to9.jpg
ckrkltjy8tzb90yp2an3q3qmi,Labelbox/golf-3/images/ckrkltjy8tzb90yp2an3q3qmi.jpg
ckrkltjy8tzb40yp2atgq1j0k,Labelbox/golf-3/images/ckrkltjy8tzb40yp2atgq1j0k.jpg
ckrkltjy5tzaz0yp2287vg4ml,Labelbox/golf-3/images/ckrkltjy5tzaz0yp2287vg4ml.jpg
ckrkltjy5tzau0yp2cpi5aae9,Labelbox/golf-3/images/ckrkltjy5tzau0yp2cpi5aae9.jpg
ckrkltjy5tzap0yp2brj1d86w,Labelbox/golf-3/images/ckrkltjy5tzap0yp2brj1d86w.jpg
ckrkltjy5tzak0yp2bxkvan0r,Labelbox/golf-3/images/ckrkltjy5tzak0yp2bxkvan0r.jpg
ckrkltjy5tzaf0yp21udqgfvf,Labelbox/golf-3/images/ckrkltjy5tzaf0yp21udqgfvf.jpg
ckrkltjy5tzaa0yp2bw5g97cz,Labelbox/golf-3/images/ckrkltjy5tzaa0yp2bw5g97cz.jpg
ckrkltjy5tza50yp2bggeetpv,Labelbox/golf-3/images/ckrkltjy5tza50yp2bggeetpv.jpg
ckrkltjy5tza00yp2a4cqfmk9,Labelbox/golf-3/images/ckrkltjy5tza00yp2a4cqfmk9.jpg
ckrkltjy5tz9v0yp2g88u3z48,Labelbox/golf-3/images/ckrkltjy5tz9v0yp2g88u3z48.jpg
ckrkltjy5tz9q0yp27b83c2cl,Labelbox/golf-3/images/ckrkltjy5tz9q0yp27b83c2cl.jpg
ckrkltjy5tz9l0yp2hwph14q4,Labelbox/golf-3/images/ckrkltjy5tz9l0yp2hwph14q4.jpg
ckrkltjy5tz9g0yp29ebn48qg,Labelbox/golf-3/images/ckrkltjy5tz9g0yp29ebn48qg.jpg
ckrkltjy5tz9b0yp25m9e4dii,Labelbox/golf-3/images/ckrkltjy5tz9b0yp25m9e4dii.jpg
ckrkltjy4tz960yp2bgqge7yn,Labelbox/golf-3/images/ckrkltjy4tz960yp2bgqge7yn.jpg
ckrkltjy4tz910yp21qbt95kn,Labelbox/golf-3/images/ckrkltjy4tz910yp21qbt95kn.jpg
ckrkltjy4tz8w0yp2g3gw1c8u,Labelbox/golf-3/images/ckrkltjy4tz8w0yp2g3gw1c8u.jpg
