ckrlpgdti3ly00ypf3mb27pad,Labelbox/golf-examples/images/ckrlpgdti3ly00ypf3mb27pad.jpg
ckrlpgdti3lxv0ypf5dnnavu6,Labelbox/golf-examples/images/ckrlpgdti3lxv0ypf5dnnavu6.jpg
ckrlpgdti3lxq0ypfamqu32qe,Labelbox/golf-examples/images/ckrlpgdti3lxq0ypfamqu32qe.jpg
ckrlpgdth3lxl0ypffw7q18jv,Labelbox/golf-examples/images/ckrlpgdth3lxl0ypffw7q18jv.jpg
ckrlpgdth3lxg0ypfgitgbws7,Labelbox/golf-examples/images/ckrlpgdth3lxg0ypfgitgbws7.jpg
ckrlpgdth3lxb0ypfdhvedfmx,Labelbox/golf-examples/images/ckrlpgdth3lxb0ypfdhvedfmx.jpg
ckrlpgdth3lx60ypfagll97ta,Labelbox/golf-examples/images/ckrlpgdth3lx60ypfagll97ta.jpg
ckrlpgdth3lx10ypf71iiao6x,Labelbox/golf-examples/images/ckrlpgdth3lx10ypf71iiao6x.jpg
ckrlpgdth3lww0ypfcqde1jo8,Labelbox/golf-examples/images/ckrlpgdth3lww0ypfcqde1jo8.jpg
ckrlpgdth3lwr0ypf6xhb6j5e,Labelbox/golf-examples/images/ckrlpgdth3lwr0ypf6xhb6j5e.jpg
ckrlpgdth3lwm0ypfd04k1rxw,Labelbox/golf-examples/images/ckrlpgdth3lwm0ypfd04k1rxw.jpg
ckrlpgdth3lwh0ypf0930ddk5,Labelbox/golf-examples/images/ckrlpgdth3lwh0ypf0930ddk5.jpg
ckrlpgdth3lwc0ypf2n2yamd6,Labelbox/golf-examples/images/ckrlpgdth3lwc0ypf2n2yamd6.jpg
ckrlpgdth3lw70ypfemz3566y,Labelbox/golf-examples/images/ckrlpgdth3lw70ypfemz3566y.jpg
ckrlpgdth3lw20ypfbnpffnqc,Labelbox/golf-examples/images/ckrlpgdth3lw20ypfbnpffnqc.jpg
ckrlpgdth3lvx0ypfbvv54iox,Labelbox/golf-examples/images/ckrlpgdth3lvx0ypfbvv54iox.jpg
ckrlpgdth3lvs0ypfaqzr46ee,Labelbox/golf-examples/images/ckrlpgdth3lvs0ypfaqzr46ee.jpg
ckrlpgdth3lvn0ypf93559pe9,Labelbox/golf-examples/images/ckrlpgdth3lvn0ypf93559pe9.jpg
ckrlpgdth3lvi0ypfgcajhjgo,Labelbox/golf-examples/images/ckrlpgdth3lvi0ypfgcajhjgo.jpg
ckrlpgdth3lvd0ypf4zwb6hdf,Labelbox/golf-examples/images/ckrlpgdth3lvd0ypf4zwb6hdf.jpg
ckrlpgdth3lv80ypfcr8e221u,Labelbox/golf-examples/images/ckrlpgdth3lv80ypfcr8e221u.jpg
ckrlpgdth3lv30ypfe4zq1ls9,Labelbox/golf-examples/images/ckrlpgdth3lv30ypfe4zq1ls9.jpg
ckrlpgdth3luy0ypf6a2uby30,Labelbox/golf-examples/images/ckrlpgdth3luy0ypf6a2uby30.jpg
ckrlpgdth3lut0ypfg7afcpqr,Labelbox/golf-examples/images/ckrlpgdth3lut0ypfg7afcpqr.jpg
ckrlpgdth3luo0ypf5x6cgc75,Labelbox/golf-examples/images/ckrlpgdth3luo0ypf5x6cgc75.jpg
ckrlpgdth3luj0ypfdqac69be,Labelbox/golf-examples/images/ckrlpgdth3luj0ypfdqac69be.jpg
ckrlpgdtg3lue0ypfhjys1uuo,Labelbox/golf-examples/images/ckrlpgdtg3lue0ypfhjys1uuo.jpg
ckrlpgdtg3lu90ypf38a41u02,Labelbox/golf-examples/images/ckrlpgdtg3lu90ypf38a41u02.jpg
ckrlpgdtg3lu40ypfelbc1tor,Labelbox/golf-examples/images/ckrlpgdtg3lu40ypfelbc1tor.jpg
ckrlpgdtg3ltz0ypfexep9rna,Labelbox/golf-examples/images/ckrlpgdtg3ltz0ypfexep9rna.jpg
ckrlpgdtg3ltu0ypf0otlhwlq,Labelbox/golf-examples/images/ckrlpgdtg3ltu0ypf0otlhwlq.jpg
ckrlpgdtg3ltp0ypfaz5ofalq,Labelbox/golf-examples/images/ckrlpgdtg3ltp0ypfaz5ofalq.jpg
ckrlpgdtg3ltk0ypfgtxtf898,Labelbox/golf-examples/images/ckrlpgdtg3ltk0ypfgtxtf898.jpg
ckrlpgdtg3ltf0ypfejgq7dk0,Labelbox/golf-examples/images/ckrlpgdtg3ltf0ypfejgq7dk0.jpg
ckrlpgdtg3lta0ypf1hqbh392,Labelbox/golf-examples/images/ckrlpgdtg3lta0ypf1hqbh392.jpg
ckrlpgdtg3lt50ypf00gy8vzg,Labelbox/golf-examples/images/ckrlpgdtg3lt50ypf00gy8vzg.jpg
ckrlpgdtg3lt00ypfct4h7qoj,Labelbox/golf-examples/images/ckrlpgdtg3lt00ypfct4h7qoj.jpg
ckrlpgdtg3lsv0ypf3w1k9wdf,Labelbox/golf-examples/images/ckrlpgdtg3lsv0ypf3w1k9wdf.jpg
ckrlpgdtg3lsq0ypfej8b8m7b,Labelbox/golf-examples/images/ckrlpgdtg3lsq0ypfej8b8m7b.jpg
ckrlpgdtg3lsl0ypf4cq4c0te,Labelbox/golf-examples/images/ckrlpgdtg3lsl0ypf4cq4c0te.jpg
ckrlpgdtg3lsg0ypf0b0n75z1,Labelbox/golf-examples/images/ckrlpgdtg3lsg0ypf0b0n75z1.jpg
ckrlpgdtg3lsb0ypf1k3zab9u,Labelbox/golf-examples/images/ckrlpgdtg3lsb0ypf1k3zab9u.jpg
ckrlpgdtg3ls60ypfakukhrpw,Labelbox/golf-examples/images/ckrlpgdtg3ls60ypfakukhrpw.jpg
ckrlpgdtg3ls10ypf719n54lo,Labelbox/golf-examples/images/ckrlpgdtg3ls10ypf719n54lo.jpg
ckrlpgdtg3lrw0ypfhhhq874f,Labelbox/golf-examples/images/ckrlpgdtg3lrw0ypfhhhq874f.jpg
ckrlpgdtf3lrr0ypf8m1h7vi6,Labelbox/golf-examples/images/ckrlpgdtf3lrr0ypf8m1h7vi6.jpg
ckrlpgdtf3lrm0ypf82x7911g,Labelbox/golf-examples/images/ckrlpgdtf3lrm0ypf82x7911g.jpg
ckrlpgdtf3lrh0ypf5w96ev0e,Labelbox/golf-examples/images/ckrlpgdtf3lrh0ypf5w96ev0e.jpg
ckrlpgdtf3lrc0ypf1fbj6geo,Labelbox/golf-examples/images/ckrlpgdtf3lrc0ypf1fbj6geo.jpg
ckrlpgdtf3lr70ypf1yqz0gsd,Labelbox/golf-examples/images/ckrlpgdtf3lr70ypf1yqz0gsd.jpg
ckrlpgdtf3lr20ypf64xg90j3,Labelbox/golf-examples/images/ckrlpgdtf3lr20ypf64xg90j3.jpg
ckrlpgdtf3lqx0ypfav1kdafp,Labelbox/golf-examples/images/ckrlpgdtf3lqx0ypfav1kdafp.jpg
ckrlpgdtf3lqs0ypfeye5gqfv,Labelbox/golf-examples/images/ckrlpgdtf3lqs0ypfeye5gqfv.jpg
ckrlpgdtf3lqn0ypfczc51tah,Labelbox/golf-examples/images/ckrlpgdtf3lqn0ypfczc51tah.jpg
ckrlpgdtf3lqi0ypf0e1e8qqm,Labelbox/golf-examples/images/ckrlpgdtf3lqi0ypf0e1e8qqm.jpg
ckrlpgdtf3lqd0ypfglnn20r5,Labelbox/golf-examples/images/ckrlpgdtf3lqd0ypfglnn20r5.jpg
ckrlpgdtf3lq80ypf0n9gglji,Labelbox/golf-examples/images/ckrlpgdtf3lq80ypf0n9gglji.jpg
ckrlpgdtf3lq30ypfhu1b93wm,Labelbox/golf-examples/images/ckrlpgdtf3lq30ypfhu1b93wm.jpg
ckrlpgdtf3lpy0ypfht4m3u99,Labelbox/golf-examples/images/ckrlpgdtf3lpy0ypfht4m3u99.jpg
ckrlpgdtf3lpt0ypf13ioekk3,Labelbox/golf-examples/images/ckrlpgdtf3lpt0ypf13ioekk3.jpg
ckrlpgdtf3lpo0ypf0aj3at85,Labelbox/golf-examples/images/ckrlpgdtf3lpo0ypf0aj3at85.jpg
ckrlpgdtf3lpj0ypf5t9a4l5b,Labelbox/golf-examples/images/ckrlpgdtf3lpj0ypf5t9a4l5b.jpg
ckrlpgdtf3lpe0ypfcr7d6hkb,Labelbox/golf-examples/images/ckrlpgdtf3lpe0ypfcr7d6hkb.jpg
ckrlpgdtf3lp90ypfh5i9fl7p,Labelbox/golf-examples/images/ckrlpgdtf3lp90ypfh5i9fl7p.jpg
ckrlpgdtf3lp40ypf7elohtn6,Labelbox/golf-examples/images/ckrlpgdtf3lp40ypf7elohtn6.jpg
ckrlpgdtf3loz0ypf90pk42tp,Labelbox/golf-examples/images/ckrlpgdtf3loz0ypf90pk42tp.jpg
ckrlpgdtf3lou0ypf3fqc065z,Labelbox/golf-examples/images/ckrlpgdtf3lou0ypf3fqc065z.jpg
ckrlpgdtf3lop0ypf0rog3hky,Labelbox/golf-examples/images/ckrlpgdtf3lop0ypf0rog3hky.jpg
ckrlpgdte3lok0ypf2cz389wj,Labelbox/golf-examples/images/ckrlpgdte3lok0ypf2cz389wj.jpg
ckrlpgdte3lof0ypfadhl6k13,Labelbox/golf-examples/images/ckrlpgdte3lof0ypfadhl6k13.jpg
ckrlpgdte3loa0ypf8kvpg5ic,Labelbox/golf-examples/images/ckrlpgdte3loa0ypf8kvpg5ic.jpg
ckrlpgdte3lo50ypfg5p0dneb,Labelbox/golf-examples/images/ckrlpgdte3lo50ypfg5p0dneb.jpg
ckrlpgdte3lo00ypfguja4h66,Labelbox/golf-examples/images/ckrlpgdte3lo00ypfguja4h66.jpg
ckrlpgdte3lnv0ypfd9nn63gg,Labelbox/golf-examples/images/ckrlpgdte3lnv0ypfd9nn63gg.jpg
ckrlpgdte3lnq0ypfdsgy5hmw,Labelbox/golf-examples/images/ckrlpgdte3lnq0ypfdsgy5hmw.jpg
ckrlpgdte3lnl0ypfengo9zhk,Labelbox/golf-examples/images/ckrlpgdte3lnl0ypfengo9zhk.jpg
ckrlpgdte3lng0ypfa99yhflx,Labelbox/golf-examples/images/ckrlpgdte3lng0ypfa99yhflx.jpg
ckrlpgdte3lnb0ypfhdajav73,Labelbox/golf-examples/images/ckrlpgdte3lnb0ypfhdajav73.jpg
ckrlpgdte3ln60ypf9r2h2j6z,Labelbox/golf-examples/images/ckrlpgdte3ln60ypf9r2h2j6z.jpg
ckrlpgdte3ln10ypf09xibslb,Labelbox/golf-examples/images/ckrlpgdte3ln10ypf09xibslb.jpg
ckrlpgdte3lmw0ypffawiaer1,Labelbox/golf-examples/images/ckrlpgdte3lmw0ypffawiaer1.jpg
ckrlpgdte3lmr0ypfdx3s3rla,Labelbox/golf-examples/images/ckrlpgdte3lmr0ypfdx3s3rla.jpg
ckrlpgdte3lmm0ypfbpny6x9y,Labelbox/golf-examples/images/ckrlpgdte3lmm0ypfbpny6x9y.jpg
ckrlpgdte3lmh0ypfbhl15eoy,Labelbox/golf-examples/images/ckrlpgdte3lmh0ypfbhl15eoy.jpg
ckrlpgdte3lmc0ypf1sc0484a,Labelbox/golf-examples/images/ckrlpgdte3lmc0ypf1sc0484a.jpg
ckrlpgdte3lm70ypf2xi899iy,Labelbox/golf-examples/images/ckrlpgdte3lm70ypf2xi899iy.jpg
